file; ;   ;  !;"  """;  #;  &;  (;  *;  +;  /;  0;  =;  NULL;  WOLFSSL_MSG;  a;  case;  if;  int;  ret;  return;  ssl;  the;  to;  {;  |;!;! =;"""";""" )";#;&;&  ;& &;(;"( """;( ssl;);)  ;) );") ;";*;*  ;* );* /;+;+  ;,;,  ;-;- >;.;.  ;/;/ *;0;0 );"0 ;";:;";";<;=;=  ;= =;>;NULL;NULL );WOLFSSL_MSG;WOLFSSL_MSG (;[;];a;a  ;byte;case;case  ;ctx;defined;defined (;idx;if;if  ;int;int  ;key;ret;ret  ;return;return  ;ssl;ssl ,;ssl -;the;the  ;to;to  ;void;{;|;|  ;| |
SCE_10_validated_multithreading.cpp;0.1072444644290451;0.0;0.0;0.0;0.0;0.0;0.25;0.0;0.0;0.0;0.0;0.37037037037037035;0.0;0.0;0.0;0.0;0.0;0.0;0.0;0.0;0.0;0.0;0.0;1.0;0.0;0.5;0.0;0.0;0.0;0.0;0.0;0.0;0.0;0.6021807126779503;0.0;0.0;0.4738519103159986;0.75;0.0;0.15873015873015872;0.0;0.0;0.0;0.0;0.0;0.0;0.0;0.0;0.0;0.0;0.28888888888888886;0.0;0.0;0.0;0.0;0.0;0.0;0.0;0.48484848484848486;0.0;0.2222222222222222;0.34110334110334106;0.0;0.0;0.0;0.0;0.0;0.0;0.0;0.0;0.0;0.0;0.0;0.0;0.0;0.0;0.0;0.0;0.0;0.3333333333333333;0.3333333333333333;0.0;0.0;0.0;0.0;0.0;0.3333333333333333;0.3333333333333333;0.0;0.0;0.0;0.0;0.0;0.0;0.0;0.0;0.9629629629629629;0.0;0.0;0.0
SCE_1_secure_validator_SQL.cpp;0.14478002697921089;0.0;0.0;0.7499999999999999;0.0;0.0;0.0;0.2;0.49141791044776123;0.0;0.0;0.6666666666666667;0.0;0.0;0.0;0.0;0.0;0.0;0.0;0.15000000000000002;0.0;0.0;0.0;0.11250000000000002;0.0;0.0;0.0;0.56875;0.7222222222222222;0.0;0.0;0.0;0.0;0.36477242830833984;0.8124999999999999;0.0;0.36477242830833984;0.11250000000000002;0.0;0.35714285714285715;0.08941532258064516;0.18780487804878052;0.0;0.0;0.2571428571428571;1.0;0.045454545454545456;0.05;0.0;0.0;0.45499999999999996;0.0;0.0;0.0;0.0;0.0;0.0;0.46666666666666673;0.38181818181818183;0.0;0.4;0.613986013986014;0.0;0.0;0.0;0.0;0.0;0.0;0.1;0.1;0.0;0.0;0.0;0.0;0.0;0.0;0.0;0.0;0.0;0.0;0.0;0.0;0.0;0.0;0.0;0.0;0.15000000000000002;0.15000000000000002;0.0;0.0;0.0;0.0;0.0;0.0;0.0;0.30000000000000004;0.21666666666666667;0.0;0.0;0.0
SCE_2_zip_code_validation.cpp;0.5467217802012159;0.32222627883960525;0.6923076923076924;0.38461538461538464;0.0;0.0;0.1730769230769231;0.0;0.0;0.46153846153846156;0.0;0.5128205128205129;0.0;0.0;0.17948717948717952;0.0;0.23076923076923078;0.0;0.0;0.0;0.0;0.0;0.0;0.6923076923076924;0.0;0.3461538461538462;0.0;0.375;0.5555555555555556;0.0;0.0;0.0;0.0;0.9378098880861312;0.4166666666666667;0.0;0.8489668710663186;0.6923076923076924;0.0;0.4395604395604396;0.0;0.0;0.0;0.0;0.0;0.0;0.2097902097902098;0.23076923076923078;0.18440342665371368;0.0;1.0;0.0;0.16346153846153846;0.0;0.25641025641025644;0.0;0.0;0.0;0.3356643356643357;0.0;0.3076923076923077;0.4722969338353954;0.0;0.0;0.0;0.0;0.0;0.0;0.0;0.0;0.29370629370629375;0.17948717948717952;0.0;0.0;0.0;0.0;0.0;0.0;0.0;0.23076923076923078;0.23076923076923078;0.0;0.0;0.0;0.0;0.0;0.0;0.0;0.0;0.0;0.0;0.0;0.0;0.0;0.0;0.46153846153846156;1.0;0.0;0.0;0.0
SCE_3_free_text_letters_only_py.cpp;0.47006502265977557;0.3464538186019816;0.0;0.17857142857142855;1.0;0.0;0.16071428571428573;0.0;0.0;0.0;0.0;0.23809523809523808;0.0;0.0;1.0;0.0;0.42857142857142855;0.0;0.0;0.42857142857142855;0.0;0.8571428571428571;0.0;0.0;0.0;0.0;0.0;0.17410714285714285;0.0;0.9804878048780488;0.0;0.0;0.0;0.3730221370316082;0.0;0.0;0.3730221370316082;0.16071428571428573;0.0;0.0;0.0;0.0;0.0;0.0;0.0;0.0;0.3246753246753247;0.21428571428571427;0.0;0.0;0.1857142857142857;0.0;0.0;0.0;0.0;0.0;0.0;1.0;0.0;0.0;0.5714285714285714;0.21928071928071927;0.0;0.2901785714285714;0.0;0.0;0.0;0.0;0.0;0.0;1.0;1.0;0.0;0.0;0.0;0.0;0.0;0.0;0.0;0.42857142857142855;0.42857142857142855;0.0;0.0;0.0;0.0;0.0;0.42857142857142855;0.42857142857142855;0.0;0.0;0.0;0.8571428571428571;0.8571428571428571;0.0;0.0;0.0;0.0;0.0;0.0;0.0
SCE_4_int_values.cpp;0.30710914813772006;0.0;0.0;0.0;0.0;0.0;0.5625;0.0;0.0;0.0;1.0;0.4166666666666667;0.0;0.0;0.0;0.0;0.375;0.0;0.0;0.375;0.0;0.0;0.0;0.5625;1.0;0.0;0.0;0.203125;0.9027777777777777;0.0;0.0;0.0;0.0;0.5380163114969744;0.6770833333333333;0.0;0.5380163114969744;0.5625;0.0;0.35714285714285715;0.0;0.0;0.0;0.0;0.0;0.0;0.0;0.0;0.0;0.0;0.16249999999999998;0.0;0.0;0.0;0.8333333333333334;0.46875;0.0;0.0;0.4090909090909091;0.078125;0.25;0.38374125874125875;0.0;0.25390625;0.0;0.0;0.0;0.0;0.0;0.0;0.0;0.0;0.0;0.0;0.0;0.0;0.0;0.0;0.0;0.375;0.375;0.0;0.0;0.0;0.0;0.0;0.375;0.375;0.0;0.0;0.0;0.0;0.0;0.0;0.0;0.0;0.5416666666666666;1.0;1.0;1.0
SCE_5_int_enumeration.cpp;0.24373741915692065;0.0;0.0;0.0;0.0;0.0;1.0;0.0;0.0;0.0;0.0;0.0;0.0;0.0;0.0;0.0;1.0;0.0;0.0;1.0;0.0;0.0;0.0;0.25;0.0;0.0;0.0;0.18055555555555552;0.802469135802469;0.0;0.0;0.0;0.0;0.9871671197638048;0.6018518518518517;0.0;0.6021807126779503;1.0;0.0;0.15873015873015872;0.0;0.0;0.0;0.0;0.0;0.0;0.202020202020202;0.2222222222222222;0.0;0.0;0.4333333333333333;0.0;0.0;0.0;0.0;0.0;0.0;0.0;0.48484848484848486;0.0;0.0;0.0;0.0;0.0;0.0;0.0;0.0;0.0;0.0;0.0;0.0;0.0;0.0;0.0;0.0;0.0;0.0;0.0;0.0;1.0;1.0;0.0;0.0;0.0;0.0;0.0;1.0;1.0;0.0;0.0;0.0;0.0;0.0;0.0;0.0;0.0;0.24074074074074073;0.0;0.0;0.0
SCE_6_compiled_regex.cpp;0.4211782603031589;0.0;0.0;0.0;0.0;0.0;0.45000000000000007;0.0;0.0;0.0;0.8;1.0;1.0;0.0;0.46666666666666673;0.0;0.0;0.0;0.0;0.0;0.0;0.0;1.0;0.0;0.0;0.0;0.0;0.08125;0.0;0.0;0.0;0.0;0.0;1.0;0.0;0.0;1.0;0.45000000000000007;0.0;1.0;0.0;0.0;0.0;0.0;0.0;0.0;1.0;1.0;0.0;0.0;0.0;0.0;0.6375;0.0;1.0;0.75;0.0;0.0;0.7636363636363637;0.0;0.6;0.920979020979021;0.0;0.0;1.0;0.0;0.0;0.0;0.2;0.2;0.38181818181818183;0.23333333333333336;0.0;0.0;0.0;0.0;0.0;0.0;0.0;0.6000000000000001;0.6000000000000001;0.0;0.0;0.0;0.0;0.0;0.0;0.0;0.0;0.0;0.0;0.0;0.0;1.0;1.0;0.0;0.21666666666666667;0.4;0.0;0.0
SCE_7_user_input_validation.cpp;0.5048739402351969;0.44602900702534837;0.0;0.23076923076923078;0.0;0.0;0.06923076923076923;0.0;0.3024110218140069;0.46153846153846156;0.09230769230769231;0.15384615384615385;0.0;0.0;0.25128205128205133;0.0;0.09230769230769231;0.0;0.0;0.0;0.0;0.18461538461538463;0.07692307692307693;0.10384615384615385;0.0;0.06923076923076923;0.0;1.0;1.0;0.0;0.0;0.0;0.0;0.36921457915933054;1.0;0.0;0.36921457915933054;0.06923076923076923;0.46153846153846156;0.2197802197802198;0.0;0.0;0.0;0.0;0.15824175824175823;0.3076923076923077;0.16783216783216784;0.18461538461538463;0.14752274132297094;0.0;0.46;0.0;0.3759615384615385;0.0;0.12820512820512822;0.057692307692307696;0.0;0.4307692307692308;0.26853146853146853;0.3076923076923077;0.676923076923077;0.28337816030123725;0.0;1.0;0.0;0.0;0.0;0.0;0.18461538461538463;0.18461538461538463;0.3328671328671329;0.1076923076923077;0.0;0.0;0.0;0.0;0.0;0.0;0.0;0.13846153846153847;0.09230769230769231;0.0;0.0;0.0;0.0;0.0;0.0;0.0;0.0;0.0;0.0;0.18461538461538463;0.18461538461538463;0.07692307692307693;0.07692307692307693;0.0;0.16666666666666666;0.0;0.0;0.0
SCE_8_user_bank_account_validation.cpp;0.2047394320918134;0.0;1.0;0.0;0.0;1.0;0.0;0.0;0.0;0.0;0.4444444444444444;0.37037037037037035;0.0;0.0;0.25925925925925924;0.0;0.0;0.0;0.0;0.0;0.0;0.0;0.0;0.5;0.0;1.0;1.0;0.18055555555555552;0.802469135802469;0.0;1.0;1.0;1.0;0.8588383174018533;0.6018518518518517;0.0;0.8588383174018533;0.5;0.6666666666666666;0.31746031746031744;0.0;0.0;0.0;0.0;0.0;0.0;0.202020202020202;0.2222222222222222;0.0;0.0;0.14444444444444443;0.0;0.0;0.0;0.37037037037037035;0.41666666666666663;0.0;0.0;0.48484848484848486;0.0;0.4444444444444444;0.6822066822066821;0.0;0.0;0.0;0.0;0.0;0.0;0.0;0.0;0.1414141414141414;0.25925925925925924;0.0;0.0;0.0;0.0;0.0;0.0;0.0;0.3333333333333333;0.0;0.0;0.0;0.0;0.0;0.0;0.3333333333333333;0.3333333333333333;0.0;0.0;0.0;0.0;0.0;0.0;0.0;0.0;0.9629629629629629;0.0;0.0;0.0
SCE_9_unvalidated_does_something_with_logging.cpp;0.025070134541854708;0.0;0.0;0.0;0.0;0.0;0.32142857142857145;0.0;0.0;0.0;0.0;0.47619047619047616;0.0;0.0;0.0;0.0;0.0;0.0;0.0;0.0;0.0;0.0;0.0;0.0;0.0;0.6428571428571429;0.0;0.0;0.0;0.0;0.0;0.0;0.0;0.7855075731950238;0.0;0.0;0.7855075731950238;0.0;0.8571428571428571;0.40816326530612246;0.0;0.0;0.0;0.0;0.0;0.0;0.0;0.0;0.0;0.0;0.0;0.0;0.0;0.0;0.0;0.0;0.0;0.0;0.4675324675324675;0.0;0.2857142857142857;0.43856143856143853;0.0;0.0;0.0;0.0;0.0;0.0;0.0;0.0;0.0;0.0;0.0;0.0;0.0;0.0;0.0;0.0;0.0;0.42857142857142855;0.42857142857142855;0.0;0.0;0.0;0.0;0.0;0.0;0.0;0.0;0.0;0.0;0.0;0.0;0.0;0.0;0.8571428571428571;0.3095238095238095;0.0;0.0;0.0
VCE_1_flag_no_validation.cpp;0.7068385155550699;0.7777713250938425;0.0;0.27777777777777773;0.0;0.0;0.0;0.0;0.0;0.0;0.0;0.37037037037037035;0.0;0.0;0.6481481481481483;0.0;0.0;0.0;0.0;0.0;0.0;0.0;0.0;0.375;0.4444444444444444;0.0;0.0;0.2708333333333333;0.4012345679012345;0.0;0.0;0.0;0.0;0.5380163114969744;0.3009259259259259;0.0;0.5380163114969744;0.375;0.3333333333333333;0.0;0.0;0.0;0.0;0.0;0.0;0.0;0.0505050505050505;0.05555555555555555;0.0;0.0;0.7944444444444445;0.0;0.0;0.0;0.0;0.0;0.0;0.0;0.0;0.0;0.2222222222222222;0.34110334110334106;0.0;0.0;0.0;0.0;0.0;0.0;0.0;0.0;0.5656565656565656;0.3888888888888889;0.0;0.0;0.0;0.0;0.0;0.0;0.0;0.0;0.0;0.0;0.0;0.0;0.0;0.0;0.0;0.0;0.0;0.0;0.0;0.0;0.0;0.0;0.0;0.0;0.36111111111111105;0.2222222222222222;0.4444444444444444;0.0
VCE_2_shell_escape_bash.cpp;0.23398792239064384;0.0;0.75;0.0;0.0;0.0;0.0;1.0;0.0;1.0;0.0;0.5555555555555556;0.0;0.0;0.19444444444444445;0.0;0.25;1.0;0.0;0.0;0.0;1.0;0.0;0.375;0.0;0.375;0.75;0.203125;0.0;0.0;0.1875;0.0;0.0;0.6342629132684382;0.45138888888888884;0.0;0.5380163114969744;0.5625;0.0;0.11904761904761905;0.8941532258064515;0.6260162601626016;0.0;1.0;1.0;0.0;0.22727272727272727;0.0;0.7990815154994259;0.0;0.0;0.0;0.35416666666666663;1.0;0.5555555555555556;0.3125;1.0;0.0;1.0;0.05208333333333333;1.0;0.7674825174825175;0.0;0.33854166666666663;0.0;0.0;0.0;0.0;1.0;1.0;0.3181818181818182;0.19444444444444445;0.0;0.0;0.0;0.0;0.0;0.0;0.0;0.25;0.0;0.5;0.5;0.0;0.0;0.0;0.0;0.0;0.0;0.0;0.0;1.0;1.0;0.0;0.0;0.5;0.7222222222222221;0.3333333333333333;0.0;0.0
VCE_3_arg0_bash.cpp;0.1290374572007227;0.0;0.0;0.0;0.0;0.0;0.0;0.23529411764705882;0.0;0.35294117647058826;0.0;0.0;0.2941176470588235;0.0;0.6862745098039217;0.0;0.0;0.0;0.0;0.0;0.0;0.0;0.0;0.1323529411764706;0.0;0.0;0.0;0.0;0.0;0.40373027259684363;0.0;0.0;0.0;0.23229181175232522;0.0;0.0;0.23229181175232522;0.2647058823529412;0.0;0.16806722689075632;0.10519449715370019;0.22094691535150648;0.0;0.0;0.0;0.0;0.213903743315508;0.23529411764705882;0.141014385088134;0.0;0.15294117647058822;0.0;1.0;0.0;0.19607843137254902;0.22058823529411764;0.0;0.0;0.12834224598930483;0.036764705882352935;0.0;0.0;0.0;0.11948529411764705;0.2941176470588235;0.7580882352941176;0.0;0.0;0.23529411764705882;0.23529411764705882;0.5989304812834224;0.27450980392156865;0.0;0.0;0.0;0.0;0.0;0.0;0.0;0.0;0.0;0.7058823529411765;0.7058823529411765;0.0;0.0;0.0;0.0;0.0;0.0;0.0;0.0;0.0;0.0;0.0;0.0;0.0;0.12745098039215685;0.0;0.0;0.0
VCE_4_fails_to_check_for_negative.cpp;0.5264728253789487;0.2645647342051496;0.0;1.0;0.0;0.0;0.6;0.0;0.0;0.0;0.6666666666666666;0.0;0.0;0.0;0.3111111111111111;0.0;0.8;0.8;0.0;0.2;0.0;0.0;0.0;0.0;0.0;0.0;0.0;0.65;0.0;0.0;0.0;0.0;0.0;0.26852582653687623;0.0;0.0;0.26852582653687623;0.0;0.0;0.0;0.0;0.0;0.0;0.0;0.0;0.0;0.0;0.0;0.0;0.0;0.0;0.0;0.0;0.0;0.5555555555555556;1.0;0.4;0.0;0.6545454545454545;1.0;0.5333333333333333;0.8186480186480186;0.0;0.8125;0.0;0.0;0.0;0.0;0.0;0.0;0.1696969696969697;0.15555555555555556;0.0;0.0;0.0;0.0;0.0;0.0;0.0;0.8;0.8;0.4;0.4;0.0;0.0;0.0;0.2;0.2;0.0;0.0;0.0;0.0;0.0;0.0;0.0;0.0;0.0;0.0;0.0;0.0
VCE_5_null_carries_information.cpp;0.058496980597660966;0.0;0.0;0.0;0.0;0.0;0.0;0.6666666666666666;0.0;0.0;0.0;0.5555555555555556;0.0;0.0;0.3888888888888889;0.0;0.0;0.0;0.0;0.0;0.0;0.0;0.0;0.375;0.0;0.0;0.0;0.0;0.0;0.0;0.0;0.0;0.0;0.3455231079540471;0.0;0.0;0.3455231079540471;0.0;0.0;0.4761904761904762;0.2980510752688172;0.0;0.0;0.0;0.0;0.0;0.0;0.0;0.0;0.0;0.0;0.0;0.0;0.0;0.0;0.0;0.0;0.0;0.5454545454545455;0.10416666666666666;0.3333333333333333;0.5116550116550116;0.0;0.33854166666666663;0.0;0.0;0.0;0.0;0.0;0.0;0.42424242424242425;0.7777777777777778;0.0;0.0;0.0;0.0;0.0;0.0;0.0;0.0;0.0;1.0;1.0;0.0;0.0;0.0;0.0;0.0;0.0;0.0;0.0;0.0;0.0;0.0;0.0;0.0;0.36111111111111105;0.0;0.0;0.0
VCE_6_unvalidated_does_something.cpp;0.0;0.0;0.0;0.0;0.0;0.0;0.375;0.0;0.0;0.0;0.0;0.0;0.0;0.0;0.0;0.0;0.0;0.0;0.0;0.0;0.0;0.0;0.0;0.0;0.0;0.75;0.0;0.0;0.0;0.0;0.0;0.0;0.0;0.9230027185828291;0.0;0.0;0.9230027185828291;0.0;1.0;0.4761904761904762;0.0;0.0;0.0;0.0;0.0;0.0;0.0;0.0;0.0;0.0;0.0;0.0;0.0;0.0;0.0;0.0;0.0;0.0;0.36363636363636365;0.0;0.0;0.0;0.0;0.0;0.0;0.0;0.0;0.0;0.0;0.0;0.0;0.0;0.0;0.0;0.0;0.0;0.0;0.0;0.0;0.5;0.5;0.0;0.0;0.0;0.0;0.0;0.0;0.0;0.0;0.0;0.0;0.0;0.0;0.0;0.0;1.0;0.36111111111111105;0.0;0.0;0.0
VCE_7_unvalidated_multithreading.cpp;0.029248490298830473;0.0;0.0;0.0;0.0;0.0;0.375;0.0;0.0;0.0;0.0;0.0;0.0;0.0;0.0;0.0;0.0;0.0;0.0;0.0;0.0;0.0;0.0;0.75;0.0;0.75;0.0;0.0;0.0;0.0;0.0;0.0;0.0;0.9230027185828291;0.0;0.0;0.9230027185828291;0.75;1.0;0.4761904761904762;0.0;0.0;0.0;0.0;0.0;0.0;0.0;0.0;0.0;0.0;0.4333333333333333;0.0;0.0;0.0;0.0;0.0;0.0;0.0;0.36363636363636365;0.0;0.0;0.0;0.0;0.0;0.0;0.0;0.0;0.0;0.0;0.0;0.0;0.0;0.0;0.0;0.0;0.0;0.0;0.0;0.0;0.5;0.5;0.0;0.0;0.0;0.0;0.0;0.0;0.0;0.0;0.0;0.0;0.0;0.0;0.0;0.0;1.0;0.7222222222222221;0.0;0.0;0.0
bio.c;0.6844845897025109;0.6020670318782942;0.4750996015936255;0.022410358565737053;0.12201195219123505;0.18152390438247012;0.41123007968127495;0.6872509960159362;0.05873520842005115;0.35856573705179284;0.19123505976095617;0.6955511288180611;0.375996015936255;0.4845006765391265;0.10225763612217796;0.180648499750996;0.37798804780876494;0.50199203187251;0.6945031609503307;0.1508964143426295;0.027888446215139442;0.5856573705179283;0.2539840637450199;0.24763446215139442;0.22310756972111553;0.2577191235059761;0.39442231075697215;0.14809511952191234;0.6186365648517043;0.2631887085803129;0.1725597609561753;0.13446215139442233;0.13222111553784863;0.524787196910857;0.45318725099601587;0.016048350560244368;0.5213361235405654;0.3339143426294821;0.08366533864541834;0.24402390438247012;0.6269759670993446;0.7370032066854534;0.705169222101493;0.40637450199203184;0.04268639726807057;0.08632138114209828;0.19603404563563925;0.19372509960159362;0.6196065336815767;0.647309155660317;0.060209163346613546;0.1979077908021095;0.15926917330677293;0.4810756972111554;0.17679282868525897;0.13632968127490042;0.19123505976095617;0.08134130146082337;0.3824701195219124;0.011205179282868526;0.6623505976095617;0.820992254757195;0.7734592691358814;0.5239977589641434;0.3809760956175299;0.5198642928286852;0.4845006765391265;0.4845006765391265;0.010956175298804782;0.010956175298804782;0.05641072075335024;0.08715139442231076;0.18947738457932975;0.180648499750996;0.15875171190239043;0.016989733374195525;0.5662498520768412;0.5624295271743215;0.08938892318051736;0.40189243027888444;0.40039840637450197;0.451195219123506;0.36752988047808766;0.0;0.5883096826178432;0.5820733459604206;0.1568725099601594;0.15388446215139445;0.025177273041308228;0.021556630620375637;0.0;0.5856573705179283;0.5677290836653387;0.2539840637450199;0.24153386454183265;0.19123505976095617;0.2395418326693227;0.20717131474103587;0.18725099601593626;0.19123505976095617
conf.c;0.6512333348457116;0.5749466661810749;0.516949152542373;0.08709981167608287;0.03954802259887006;0.13559322033898305;0.45762711864406785;0.9340866290018832;0.08329117126233242;0.3333333333333333;0.1337099811676083;0.6528562460765851;0.37664783427495285;0.7078802899477669;0.10106716886377905;0.0;0.3898305084745763;0.4180790960451978;0.9176209486184208;0.10734463276836158;0.006591337099811676;0.22598870056497175;0.11299435028248588;0.2817796610169492;0.3163841807909605;0.4491525423728814;0.2796610169491526;0.1973870056497175;0.6120527306967984;0.3748380873639245;0.12923728813559324;0.11016949152542373;0.10593220338983052;0.5554168270714763;0.4794413057124921;0.0;0.5521542304012572;0.3347457627118644;0.22598870056497175;0.2636534839924671;0.9985552973695402;0.8099306416792982;0.6021419467747151;0.3615819209039548;0.11945117029862792;0.14438166980539863;0.21571648690292758;0.1967984934086629;0.2889334293331257;0.26046106054825874;0.05875706214689265;0.2551353646190523;0.1350635593220339;0.37853107344632775;0.1741996233521657;0.09887005649717515;0.13559322033898305;0.04394224733207784;0.41705187467899335;0.017066854990583802;0.5499058380414312;0.7429115140979548;0.37740263955406106;0.21039312617702446;0.3954802259887006;0.1577565913370998;0.7078802899477669;0.7078802899477669;0.060263653483992465;0.062146892655367235;0.06111967128916282;0.09008160703075958;0.034119862634319265;0.0;0.0;0.09637114298131248;0.3893270683000503;0.37096258394627435;1.0;0.4124293785310734;0.4124293785310734;0.3502824858757062;0.23163841807909605;0.022943947019673058;1.0;0.5569139575808095;0.12994350282485878;0.12429378531073447;0.027202563501182095;0.05434490180252891;0.004687891499559499;0.22598870056497175;0.21468926553672316;0.11299435028248588;0.11299435028248588;0.11299435028248588;0.27746390458254866;0.3013182674199623;0.2711864406779661;0.2862523540489642
crl.c;0.709218986069015;0.6654866814515071;0.46400778210116733;0.009727626459143969;0.14299610894941636;0.14007782101167315;0.43555447470817127;0.40077821011673154;0.019121319472675535;0.2801556420233463;0.2198443579766537;0.8009079118028535;0.49610894941634237;0.9177006093532046;0.04993514915693904;0.02138557879377432;0.4056420233463035;0.5019455252918288;0.6864612369545157;0.08754863813229573;0.0;0.30350194552529186;0.09727626459143969;0.256079766536965;0.14785992217898833;0.25389105058365763;0.3939688715953307;0.1264591439688716;0.5479896238651102;0.4139413495302268;0.15539883268482493;0.06128404669260701;0.06128404669260701;0.557115831692868;0.4004539559014267;0.0;0.5492513233769117;0.3545719844357977;0.08754863813229573;0.3140633685380767;0.46273299234341664;0.5772990414729051;0.48875918720276695;0.4085603112840467;0.013340744858254585;0.038910505836575876;0.3342766183233109;0.3326848249027237;0.8651534306914991;0.9012724110751059;0.08978599221789883;0.08785789793301996;0.15606760700389105;0.4085603112840467;0.2902075226977951;0.2589980544747082;0.15758754863813232;0.0317769130998703;0.4669260700389105;0.02127918287937743;0.6848249027237354;0.8779761094936192;0.7066662507895168;0.7192363813229572;0.5058365758754864;0.6268239299610895;0.9177006093532046;0.9177006093532046;0.08754863813229571;0.08754863813229571;0.032189600282985495;0.04766536964980545;0.24673838406958115;0.02138557879377432;0.02138557879377432;0.0;0.4524791000500828;0.4598781293590779;0.0;0.42315175097276264;0.42023346303501946;0.32684824902723736;0.29766536964980544;0.0;0.6964543348052289;0.6986189959813739;0.08754863813229573;0.08754863813229573;0.0035127823976477852;0.0;0.0;0.30350194552529186;0.2918287937743191;0.09727626459143969;0.0924124513618677;0.15758754863813232;0.24870298313878078;0.11284046692607004;0.13229571984435798;0.07782101167315175
dtls.c;0.40026748899211195;0.2695038485612522;0.2922077922077922;0.008116883116883116;0.06818181818181819;0.014610389610389612;0.3287337662337662;0.5714285714285714;0.0744572591587517;0.21428571428571427;0.2012987012987013;0.7034632034632035;0.487012987012987;0.09571796128399902;0.0984848484848485;0.035688920454545456;0.35064935064935066;0.42857142857142855;0.4364144413044169;0.27272727272727276;1.0;0.974025974025974;0.1461038961038961;0.08766233766233766;0.12987012987012986;0.18993506493506496;0.2922077922077922;0.015827922077922076;0.046897546897546896;0.4456762749445676;0.05113636363636364;0.0;0.014610389610389612;0.39552134264052174;0.035173160173160176;0.4708210898128835;0.39177147503903614;0.1095779220779221;0.05844155844155844;0.18089053803339517;0.6909365835777126;1.0;0.5932047750229569;0.2532467532467533;0.03896103896103896;0.15151515151515152;0.2744982290436836;0.2792207792207792;0.7004935363144318;0.749855931849501;0.15616883116883115;0.3518879963966669;0.127637987012987;0.2532467532467533;0.20562770562770563;0.13392857142857142;0.27272727272727276;0.07575757575757576;0.41086186540732;0.018262987012987012;0.6298701298701299;0.7375806012169648;0.8946464357286;0.6397118506493507;0.487012987012987;0.7113230519480519;0.09571796128399902;0.09571796128399902;0.032467532467532464;0.032467532467532464;0.05785123966942149;0.0984848484848485;1.0;0.035688920454545456;0.035688920454545456;0.0;0.0839012472675839;0.08527321734868905;0.0;0.3603896103896104;0.3603896103896104;0.3896103896103896;0.33116883116883117;0.0;0.4649058806362177;0.2743240366191186;0.27272727272727276;0.262987012987013;0.8324381871412875;0.6089981447124304;0.6303996432751796;0.974025974025974;0.8571428571428571;0.1461038961038961;0.1461038961038961;0.15584415584415587;0.09145021645021645;0.12987012987012986;0.12987012987012986;0.12987012987012986
dtls13.c;0.4954715594759673;0.3838991920038681;0.22511724856696197;0.00781657113079729;0.0;0.20635747785304845;0.3247785304846274;0.5273579989577906;0.16901293428635875;0.2907764460656592;0.16883793642522146;0.6774361646690985;0.15893694632621155;0.17667171384467145;0.0936251519888831;0.17757051198540905;0.30484627410109433;0.36268890046899427;0.5778682101899548;0.10630536737884315;0.8353309015112038;0.9004689942678479;0.07034914017717561;0.12662845231891612;0.14174048983845752;0.16883793642522146;0.20166753517457012;0.0406461698801459;0.14301430143014301;0.19671068518918644;0.15242313705054716;0.07269411151641479;0.07503908285565399;0.3998906516331855;0.12137397950321348;0.7640653989505818;0.3980850874519596;0.19697759249609173;0.18759770713913498;0.18759770713913498;0.5172017095597505;0.7222511724856697;0.11901190119011902;0.33454924439812406;0.10094543288915357;0.253604307799201;0.279027902790279;0.25794684731631057;0.6308538280258625;0.6269503308428659;0.18629494528400206;0.5553681318846823;0.13731109953100573;0.337675872850443;0.19541427826993227;0.0957529963522668;0.17196456487754042;0.22859128018064964;0.3683736794732105;0.018890046899426784;0.5825951016154247;0.7438861295036386;0.5482564921400905;0.501726159458051;0.16414799374674308;0.26191375716519016;0.17667171384467145;0.17667171384467145;0.039603960396039604;0.039603960396039604;0.055710834241318875;0.08146604134097621;0.8119424945590535;0.17757051198540905;0.1718424309536217;0.007111075480017637;0.09426320432981286;0.09580461521822489;0.2650147890993695;0.3110995310057322;0.3110995310057322;0.2688900468994268;0.2688900468994268;0.1079286137293323;0.4912319735817461;0.5210107723455694;0.10630536737884315;0.10005211047420531;0.8355113576462605;1.0;0.6459909600628009;0.9067222511724856;0.8504429390307452;0.07295466388744137;0.07034914017717561;0.06878582595101615;0.12306756991488622;0.12714955706096925;0.08754559666492966;0.11255862428348098
include.am;0.08654621616897676;0.08813802363895928;0.3895216400911162;0.0;0.015945330296127564;0.0;0.0;0.0;1.0;0.0;0.004555808656036446;0.060744115413819286;0.0;0.0;0.02657555049354594;0.0;0.0;0.0;0.0;0.0;0.015945330296127564;0.13667425968109342;0.011389521640091115;0.0;0.0;0.1947608200455581;0.0;0.007403189066059225;0.0;0.2657814323017946;0.0;0.0;0.0;0.0;0.0;0.0;0.0;0.015375854214123007;0.0;0.0;0.0;0.0;0.0;0.0;0.5427920598763424;0.0;0.008283288465520811;0.009111617312072893;0.23480983029481992;0.0;0.506378132118451;0.0;0.8955011389521641;0.0;0.03416856492027335;0.0;0.0;0.03189066059225513;0.0;0.0;0.6788154897494305;1.0;0.0;0.0;0.0;0.0;0.0;0.0;0.0;0.0;0.0724787740733071;0.03189066059225513;0.0;0.0;0.0;0.0;0.0;0.0;0.0;0.6355353075170843;0.6355353075170843;0.0;0.0;0.0;0.0;0.0;0.0;0.0;0.016451664258687576;0.0;0.0;0.13667425968109342;0.10933940774487472;0.011389521640091115;0.011389521640091115;0.0;0.009870918754745633;0.0;0.0;0.0
internal.c;1.0;1.0;0.4491379310344828;0.05100574712643678;0.22662835249042146;0.30107758620689656;0.39418103448275865;0.5287356321839081;0.19393120603877168;0.4933908045977012;0.2018199233716475;0.8117816091954023;0.16858237547892718;0.3988706806188101;0.055763090676883786;0.30533854166666663;0.3702586206896552;0.3310344827586207;0.6888158202887147;0.08994252873563219;0.9353448275862069;0.3281609195402299;0.09506704980842912;0.21228448275862072;0.28314176245210726;0.2661637931034483;0.2775862068965517;0.11992935823754788;0.29885057471264365;0.42764858424446317;0.28329741379310347;0.17758620689655172;0.20668103448275865;0.4908886651123267;0.23503352490421456;0.8106430762735085;0.48873141369331113;0.35463362068965515;0.18189655172413793;0.2211959496442255;0.5233879657953281;0.626555929352397;0.372983184333759;0.5149425287356322;0.16863711001642034;0.2538314176245211;0.3044670846394984;0.2454022988505747;1.0;1.0;0.2411973180076628;0.33566429694593936;0.19326508620689656;0.5324712643678161;0.2170338441890166;0.15068247126436782;0.2057471264367816;0.15734355044699871;0.40297805642633233;0.010386733716475095;0.7309386973180076;0.9156860380998312;0.7714183155583197;0.7970321479885056;0.17313218390804597;0.22590158045977013;0.3988706806188101;0.3988706806188101;0.09559386973180077;0.09568965517241379;0.032732497387669805;0.0495051085568327;0.46161821050259183;0.30533854166666663;0.30217986709770117;0.18430150309460655;1.0;1.0;0.7206653715395823;0.4170977011494253;0.41522988505747127;0.2149425287356322;0.19798850574712643;0.2532339255973053;0.6680647036032545;0.6899354625965706;0.09295977011494254;0.09224137931034483;0.930975491410014;0.5396893814997262;1.0;0.32873563218390806;0.3160919540229885;0.09602490421455938;0.09363026819923372;0.09683908045977012;0.2053560025542784;0.2745210727969349;0.20229885057471264;0.2636015325670498
keys.c;0.6677885588909953;0.6726939137305776;0.26865671641791045;0.01954513148542999;0.20398009950248758;0.20149253731343283;0.31023454157782515;0.2928216062544421;0.09080927982687842;0.27292110874200426;0.19900497512437812;0.7415304430229803;0.17057569296375266;0.13619570610559065;0.023217247097844115;1.0;0.28144989339019194;0.255863539445629;0.3343672833874637;0.061833688699360345;0.8358208955223881;0.14498933901918978;0.03909026297085998;0.15031982942430702;0.11940298507462686;0.1631130063965885;0.17910447761194032;0.03580312722103767;0.08726210218747532;1.0;0.17590618336886993;0.13113006396588486;0.14072494669509594;0.3291057771614733;0.08469556977019663;0.35500274544210786;0.314330179448157;0.24147121535181237;0.06823027718550106;0.15331505736623008;0.2859765114519568;0.3603931561703677;0.308407457661189;0.2985074626865672;0.06213828815108132;0.13740819710968966;0.23066485753052918;0.20398009950248755;0.7990815154994259;0.8760899224593615;0.19033404406538734;0.12838368027739092;0.11931414356787491;0.3070362473347548;0.17412935323383086;0.1199360341151386;0.23027718550106613;0.4543946932006634;0.3178910641597209;0.00888415067519545;0.5998578535891969;0.7593004010914458;0.6142348663211284;0.6785270078180526;0.17057569296375266;0.2015103056147832;0.13619570610559065;0.13619570610559065;0.02700781805259417;0.02700781805259417;0.012663952962460425;0.021558872305140964;0.2446590576529119;1.0;1.0;0.024246897381225742;0.6795583609533661;0.6906706360381382;0.19135709781074506;0.3304904051172708;0.3304904051172708;0.1492537313432836;0.1492537313432836;0.03463606501050858;0.3137921947246113;0.31026366994069465;0.061833688699360345;0.061833688699360345;0.636505185206764;0.06152908924763935;0.799680323093301;0.14498933901918978;0.1279317697228145;0.03909026297085998;0.03909026297085998;0.08102345415778252;0.1478322672352523;0.11371712864250177;0.11371712864250177;0.10803127221037669
ocsp.c;0.6327716548161143;0.5853911735261857;0.6110572259941804;0.02667313288069835;0.05431619786614937;0.17458777885548013;0.47138700290979635;0.562560620756547;0.034953747267542024;0.18040737148399613;0.19980601357904948;0.8050436469447139;0.8632395732298739;0.08578408945336091;0.018105399288716458;0.10661675557710962;0.42483026188166834;0.40737148399612033;0.7659475572651234;0.18040737148399613;0.047526673132880705;0.22114451988360817;0.04849660523763337;0.17458777885548013;0.24830261881668284;0.3055286129970902;0.5761396702230844;0.05989330746847721;0.14710636922082118;0.2463107094698493;0.17677012609117362;0.1265761396702231;0.12221144519883609;0.540816891567919;0.1418525703200776;0.023442110517679943;0.541937123596297;0.2509699321047527;0.09893307468477207;0.24386864348067064;0.6209638309189324;0.6193371342054838;0.6867021328709011;0.20950533462657614;0.02826659276707773;0.038797284190106696;0.3447667754166299;0.31619786614936957;0.8579856815304214;0.9064642388216104;0.041610087293889424;0.175204498690872;0.08965809893307468;0.23278370514064017;0.1972195279663757;0.1309408341416101;0.22114451988360817;0.08600064662140318;0.42641742350762724;0.009093113482056256;0.7720659553831232;0.9647500898713314;0.8989851672306787;0.7171435499515033;0.8632395732298739;1.0;0.08578408945336091;0.08578408945336091;0.01745877788554801;0.01745877788554801;0.0259236398906622;0.009052699644358229;0.2635933131739602;0.10661675557710962;0.10661675557710962;0.0;0.325839567467901;0.3311677616529107;0.10155598967227224;0.4364694471387003;0.4335596508244423;0.34917555771096026;0.3200775945683802;0.0;0.6828539979729509;0.6556105007075734;0.18331716779825413;0.18040737148399613;0.04553329191286615;0.02798946930857697;0.009657693060198232;0.22114451988360817;0.20950533462657614;0.04849660523763337;0.04849660523763337;0.1280310378273521;0.1702230843840931;0.24830261881668284;0.24830261881668284;0.24830261881668284
pk.c;0.6649421980912839;0.5311577980392053;0.7041600000000001;0.0564;0.05264;0.27504;0.45648000000000005;0.91648;0.04245850746268657;0.49152000000000007;0.24192;0.7349333333333334;0.7144;1.0;0.07317333333333334;0.08969625;0.40608000000000005;0.39936;0.47583139364303184;0.07104;0.00784;0.45696000000000003;0.236;0.24588000000000002;0.41472;0.40752000000000005;0.51696;0.19682;0.6898666666666666;0.22951258536585364;0.24696;0.16056000000000004;0.16704000000000002;0.6126728755590635;0.5356;0.0012890035169988278;0.6071290712970271;0.4536;0.19392;0.2756571428571429;0.8392164516129031;0.867808780487805;0.8843022222222222;0.5203200000000001;0.03538285714285714;0.05973333333333333;0.3585454545454545;0.34048;0.49594195177956374;0.4494503922829582;0.16016;1.0;0.20672000000000001;0.61536;0.23813333333333336;0.2268;0.17184;0.10005333333333334;0.3539781818181818;0.0115;0.73824;0.8861046153846154;1.0;0.357825;0.7223999999999999;0.7814979999999999;1.0;1.0;0.07488;0.07424;0.046429090909090906;0.06682666666666667;0.20291764705882354;0.08969625;0.08969625;0.015283692307692307;0.657409900990099;0.6429464150943396;0.11008901408450704;0.432;0.432;0.36672000000000005;0.32448000000000005;1.0;0.5479442696629214;0.5137101639344263;0.0912;0.08784;0.0057778244876510775;0.004617142857142857;0.003982832618025751;0.45696000000000003;0.4416;0.23759999999999998;0.2216;0.11424000000000001;0.23746666666666666;0.40192;0.36224;0.38016
quic.c;0.7174540290732117;0.6625203469690408;0.3921787709497207;0.008379888268156424;0.0782122905027933;0.16592178770949723;0.3921787709497207;0.4558659217877095;0.0841907779538064;0.22122905027932963;0.13631284916201117;0.6629422718808194;0.21229050279329606;0.27998840518604406;0.1303538175046555;0.29476256983240223;0.34189944134078215;0.3217877094972067;0.7696985425687397;0.15083798882681565;0.9229050279329609;0.5631284916201118;0.10614525139664803;0.25893854748603357;0.25027932960893856;0.27150837988826815;0.35195530726256985;0.07988826815642457;0.234016139044072;0.276070309306445;0.138268156424581;0.10558659217877095;0.10558659217877095;0.4638150207457901;0.24813780260707632;0.6481023269826508;0.46768639243715626;0.3393854748603352;0.1005586592178771;0.19792498004788509;0.5354928816002883;0.7638097833492302;0.5103549461091361;0.22122905027932963;0.04788507581803671;0.08193668528864059;0.2803453529710513;0.26256983240223464;0.712477150132449;0.7291440478542816;0.2512849162011173;0.3229244033971647;0.10921787709497208;0.24804469273743016;0.1340782122905028;0.12569832402234637;0.12067039106145251;0.25027932960893856;0.377856780091417;0.01606145251396648;0.6189944134078212;0.823221471266164;0.5038008978851558;0.6263966480446927;0.21229050279329606;0.08639664804469273;0.27998840518604406;0.27998840518604406;0.0067039106145251395;0.0067039106145251395;0.07536820721178263;0.11731843575418996;0.18218862964180085;0.29476256983240223;0.29476256983240223;0.29731843575419;0.17323967033574864;0.1760725202909244;0.08356282949091196;0.35195530726256985;0.35195530726256985;0.37541899441340787;0.31508379888268156;0.02722510808367909;0.6666248195342414;0.56642549684037;0.15083798882681565;0.15083798882681565;0.8029239336889415;0.5158818834796488;0.7565156928093605;0.5631284916201118;0.5363128491620113;0.10614525139664803;0.10055865921787709;0.1005586592178771;0.2517690875232775;0.25027932960893856;0.25027932960893856;0.25027932960893856
sniffer.c;0.8254945664982724;0.772107869723032;0.20391553013638364;0.0764408271007479;0.21095468543774748;0.22173339199296085;0.35536735591728996;0.7514298284205895;0.14701459705432365;0.6401231852177739;0.24065112186537616;0.7677078750549935;0.19577650681918168;0.006485070848102002;0.06364569584983136;0.19343928728552573;0.3081830180378355;0.5754509458864937;0.6726695974967112;0.05345358556973163;0.12934447866256052;0.2639683238011439;0.08029036515618125;0.2078750549934008;0.10558732952045755;0.1227452705675319;0.15640123185217777;0.05433347998240211;0.022241775431392673;0.3412080306460786;0.2068851737791465;0.07127144742630884;0.09007919049714035;0.41733755432641945;0.019064378941193724;0.14000120688917098;0.4122563434981856;0.28805543334799827;0.08446986361636605;0.2124316510590158;0.804462537076196;0.9014303649415729;0.3014304950072658;0.8077430708315002;0.09389730375212117;0.16278046634403873;0.34735831700195974;0.296304443466784;0.8257995952081617;0.8246811797375312;0.1721513418389793;0.20264909251352267;0.2998652661680598;0.8130224373075232;0.25040328493914066;0.17157941047074352;0.3022437307523097;0.16116732658747618;0.4156301243850738;0.017872855257369112;0.6713594368675759;0.8691157061152661;0.6226707704895053;0.6755939287285525;0.20787505499340075;0.19277386713594366;0.006485070848102002;0.006485070848102002;0.049714034315882095;0.049714034315882095;0.0414350277966644;0.05389353277606687;0.6416500608162314;0.19343928728552573;0.18618531401231855;0.057034078987444586;0.2671699198076429;0.2715387361063842;0.14477361308192313;0.3227012758468984;0.32138143422789267;0.37879454465464146;0.3088429388473384;0.4475583787645288;0.6037163180867734;0.6505088241869992;0.05345358556973163;0.05279366476022877;0.141395286900832;0.12378228898246495;0.1347031489268498;0.2639683238011439;0.2560492740871096;0.08029036515618125;0.07809062912450505;0.1346238451385834;0.20065258835606392;0.08798944126704795;0.09326880774307084;0.07039155301363836
ssl.c;0.7163062326864943;0.653528998012875;0.434255079006772;0.08626249596904224;0.14446952595936793;0.22547162205740084;0.3947113834247017;0.5678813286036762;0.07091567717683753;0.3480328926152854;0.2100128990648178;0.7525798129635601;0.40470815865849724;0.5389266928501457;0.07505643340857789;0.29687059113995484;0.3454933892292809;0.49338922928087714;0.4944142160940276;0.13677039664624316;0.3693566591422122;0.30570783618187686;0.1346339890357949;0.21803450499838764;0.3150596581747823;0.25068526281844566;0.2989358271525314;0.1733211060948081;0.4998611558995306;0.33863348565765566;0.2190321670428894;0.14057965172524992;0.13658900354724285;0.5440220249580444;0.3980402827045039;0.2058882794303392;0.5382490910884887;0.32777732989358277;0.1419703321509191;0.23586861381121296;0.631760631326003;0.7438611462864064;0.6039172766035069;0.3935020960980329;0.06806560095821623;0.09083091475867999;0.3060596288587259;0.2790228958400516;0.5266439365694782;0.501967314765178;0.11622863592389551;0.23445960933728258;0.15863834247017092;0.426152853918091;0.22351660754595296;0.16068405353111898;0.21573685907771686;0.17024078254326563;0.390050130456451;0.014813769751693002;0.6871170590132215;0.8412360776920597;0.8360804162339512;0.409967298855208;0.4159948403740728;0.42598153821347945;0.5389266928501457;0.5389266928501457;0.05167687842631409;0.05167687842631409;0.05017443053560435;0.05906696764484575;0.3447085380427566;0.29687059113995484;0.29288277722911965;0.390550194726267;0.7572892487571878;0.761203020328196;0.2743379009951356;0.3805627217026765;0.3775395033860045;0.42252499193808446;0.37415349887133187;0.23179971498849958;0.47714945160857863;0.439351927722945;0.14027732989358271;0.1391889712995808;0.3110692853643571;0.19774727046574836;0.27433349065025403;0.30570783618187686;0.2936149629151887;0.13564172847468559;0.13140922283134474;0.19276039987100935;0.21581075996990218;0.30296678490809414;0.26120606256046436;0.2892615285391809
tls.c;0.7945208271674453;0.7492422951953409;0.4134275618374559;0.007525193037560528;0.2262792828163853;0.23910482921083628;0.36012956419316844;0.541813898704358;0.19379740480948227;0.4554377699254024;0.17877241198795968;0.7394320115168173;0.21594032194738907;0.2835837203961746;0.06565458273349911;0.30210173733804474;0.29917550058892817;0.342363564978406;0.7806169842334927;0.08166470357283079;0.5514984949613926;0.629760502552022;0.1053527025258474;0.15547703180212014;0.18008114121188326;0.26855123674911663;0.2826855123674912;0.04210836277974087;0.1682444124532856;0.543432254110527;0.21908127208480568;0.1425206124852768;0.14546525323910484;0.4798980258571978;0.12618330933996422;0.3795652287982414;0.4699219352142192;0.265017667844523;0.18296034550451512;0.209770598463178;0.6489953920066196;0.7825817716363266;0.6665305059494302;0.49784059678052617;0.14605418138987045;0.2687257339789731;0.29363124769485194;0.27051433058500196;0.6237039861848679;0.6263074773044891;0.1731972254940453;0.7139382688311383;0.20037462374034815;0.5771495877502945;0.1760240806177202;0.0706713780918728;0.21122889674126422;0.16123544038738385;0.36149480672448875;0.01382345242769271;0.6493914409108755;0.8646105889922143;0.5114272518338602;0.5037585067399555;0.2316450726344719;0.32045870959298517;0.2835837203961746;0.2835837203961746;0.04763774375081795;0.04763774375081795;0.05080248896503314;0.05740958862278061;0.8038060925194578;0.30210173733804474;0.30210173733804474;0.039290064731760846;0.8928384004478186;0.900563741286456;0.11745383964564772;0.34589713388299964;0.34550451511582253;0.2269336474283471;0.2198665096191598;0.363535895534325;0.6824420005029049;0.7500799183009691;0.08166470357283079;0.08048684727129958;0.5127715260683663;0.40976312001046983;0.5082138205176164;0.629760502552022;0.618767177071064;0.1053527025258474;0.10338960868996204;0.1790341578327444;0.1500021812153732;0.17275225755791127;0.14867163983771758;0.16542337390393927
tls13.c;0.8153867907420034;0.7339823424943506;0.4819557625145518;0.028012223515715945;0.16196158323632132;0.23573923166472643;0.3578652502910361;0.6856810244470314;0.20737950237172695;0.4959254947613504;0.22118742724097787;0.7678502134264649;0.12587310826542492;0.45259886990137727;0.06621071012805589;0.20314432661525028;0.33571012805587896;0.2933643771827707;1.0;0.07770663562281724;0.9238940628637952;0.7735739231664728;0.15133876600698487;0.17614959254947612;0.1979045401629802;0.29336437718277064;0.32872526193247964;0.08725625727590221;0.2837601862630966;0.38551776029983814;0.2239522700814901;0.11983410942956926;0.1565046565774156;0.450453192423169;0.2396197128443927;1.0;0.44322629391995666;0.29467403958090804;0.19819557625145517;0.21931648095792453;0.5993116644447781;0.8439194752832279;0.1994038169823967;0.49854481955762514;0.14318975552968569;0.29976717112922;0.3024129537517197;0.28055878928987193;0.814895701487191;0.8378605197848391;0.32991850989522703;0.8753162704314064;0.2125927677532014;0.6155413271245634;0.25514163756305785;0.18389842840512222;0.18771827706635624;0.12223515715948778;0.3724203619430628;0.009003928987194411;0.6693830034924331;0.8738043097763704;0.5668350671074396;0.6694966894644936;0.12587310826542492;0.17815956053550638;0.45259886990137727;0.45259886990137727;0.0681024447031432;0.0681024447031432;0.03778177584929623;0.06111757857974389;0.6564746969800727;0.20314432661525028;0.19994520336146684;0.0685087758574371;0.7445625237727498;0.7452720363740198;0.40049845054026134;0.3710710128055879;0.3706344586728754;0.190337601862631;0.17898719441210711;0.23402024658075146;0.961969104393664;1.0;0.08076251455180443;0.07988940628637951;1.0;0.8524447031431898;0.9548481865828615;0.7753201396973224;0.761350407450524;0.15133876600698487;0.144790454016298;0.05064027939464494;0.17057140085370584;0.1781140861466822;0.15948777648428406;0.15832363213038417
wolfio.c;0.7586238235668354;0.669797714600904;0.3582485625829279;0.05086245024325519;0.09597523219814243;0.24082264484741267;0.45179124281291466;0.7377266696152145;0.09852990685669398;0.42459088898717384;0.2936753648827952;0.846233230134159;0.2056612118531623;0.6323904934366995;0.07430340557275543;0.06806308049535605;0.38345864661654133;0.8120300751879699;0.4533035450700677;0.16320212295444494;0.26006191950464397;0.41397611676249446;0.10172490048651038;0.25077399380804954;0.18398938522777533;0.2288810260946484;0.2905793896505971;0.10996240601503758;0.35456287778269197;0.3551612172468474;0.23385670057496682;0.09155241043785936;0.09951348960636887;0.5392933561909787;0.27071354857732566;0.18884671163461375;0.5382717204357753;0.33337019018133573;0.14860681114551086;0.24135970177544705;0.6659681699504929;0.6844370610888771;1.0;0.4166298098186644;0.07430340557275542;0.06486805248415156;0.3337220055486309;0.33171163202122955;0.5269484916451322;0.4869825405200157;0.10004422821760284;0.16777322428819413;0.19031954887218047;0.49358690844758957;0.3088603862597671;0.22556390977443608;0.3184431667403804;0.1320949432404541;0.45595271601463555;0.022943387881468377;0.7642636001769129;0.995249332710633;0.6869111952343431;0.43931059265811584;0.2056612118531623;0.21659663865546216;0.6323904934366995;0.6323904934366995;0.0804953560371517;0.08226448474126492;0.04953560371517028;0.05985552115583075;0.3846293935530869;0.06806308049535605;0.06320143188854489;0.6427754907631069;0.30859034598727453;0.30202031160031045;0.0;0.39938080495356043;0.3768244139761168;0.5811587793011942;0.5307386112339673;0.0;0.4644261016056334;0.4422024202260715;0.16320212295444494;0.1605484298982751;0.2507514497349677;0.34460099829405444;0.1651439884740885;0.41397611676249446;0.3927465723131358;0.10172490048651038;0.09951348960636885;0.2521008403361345;0.24340262420757774;0.16629809818664307;0.14153029632905795;0.14860681114551083
x509.c;0.7436856114073118;0.6897334295617683;0.41330520044681646;0.08595010549832444;0.07298001737619463;0.14409829961524143;0.4462579123743329;0.6086632741715279;0.06302575492896693;0.2785155765173141;0.1891522899342187;0.7533821521658185;0.5423855032890654;0.6366782898264957;0.06226469736461048;0.22510995873153783;0.40585825989822516;0.5153282859625171;0.4462726302478703;0.11542757850316496;0.0008688097306689834;0.4155392826113938;0.16507384882710685;0.24156013404492988;0.3346158619833685;0.26473873650242025;0.33064416035745314;0.17889723222042941;0.5772757988222801;0.19677904685215403;0.12901824500434406;0.07986843738364156;0.07819287576020853;0.5934205238608877;0.42959538289685983;0.0;0.5899801587981867;0.3764428447312896;0.1898969839890778;0.26773524353268674;0.6327990186854148;0.7384458901061643;0.5499126802341399;0.34404865334491747;0.06191599141828756;0.0976376649704191;0.27948593543728206;0.25840883703611767;0.5287208091259079;0.5066409868273758;0.08325679533325059;0.22195541736227645;0.1327960158868065;0.3946878490753382;0.20396342724752803;0.15917835422613877;0.14893881097182576;0.193454966695627;0.3986144177282318;0.0142733027181333;0.7007571056224401;0.8695023482165097;0.7819411940425471;0.41724199453891025;0.5578999627652972;0.6718071242397914;0.6366782898264957;0.6366782898264957;0.04120640436887179;0.04095817301725208;0.04043914382750177;0.055024616275702286;0.23386313691419228;0.22510995873153783;0.22374565595134666;0.041495689367105536;0.6126030252274327;0.60958126181148;0.2432002964791354;0.43192255181829464;0.4252203053245625;0.40436887178850695;0.32692069008315755;0.15423731643037508;0.42801499986751695;0.3827666401479622;0.1221298249968971;0.12026808985974928;0.0004481991193722133;0.0;0.0;0.4155392826113938;0.3946878490753382;0.17748541640809234;0.15080054610897356;0.15117289313640314;0.23637830457986841;0.3241901452153407;0.2909271440982996;0.31177857763435524
x509_str.c;0.6739683125341558;0.6364317943745637;0.6290868094701241;0.0;0.07891770011273957;0.17249154453213078;0.35259301014656147;0.47350620067643745;0.0;0.2976324689966178;0.14656144306651633;0.7065013152950019;0.8286358511837655;0.34898747101742145;0.04472003006388576;0.12392545095828636;0.3855693348365276;0.3652762119503946;0.3977915172430902;0.17925591882750846;0.007891770011273957;0.3111612175873732;0.17474633596392333;0.22068771138669674;0.2525366403607666;0.3196166854565953;0.49718151071025934;0.10076099210822999;0.4315420268069648;0.4178403497676465;0.20293122886133033;0.14205186020293123;0.1319052987598647;0.49960447719359435;0.33586997369409993;0.0;0.49179190072511025;0.31708004509582866;0.10146561443066517;0.22870027379610244;1.0;0.7325872356806995;0.20598316877911013;0.35851183765501693;0.019326783701079077;0.0;0.18448293532848212;0.1600901916572717;0.5594471489573207;0.5994758153681073;0.06888387824126269;0.16291845605437566;0.13895152198421648;0.39233370913190535;0.12965050732807218;0.09301014656144306;0.17587373167981962;0.08417888012025554;0.39602336783847497;0.00916009019165727;0.6651634723788049;0.8306462421456784;0.7766378303393711;0.4694546223224352;0.8342728297632469;0.9879932356257045;0.34898747101742145;0.34898747101742145;0.006764374295377677;0.006764374295377677;0.02439274367121041;0.0368282600526118;0.06127727302871543;0.12392545095828636;0.12392545095828636;1.0;0.8448770468929644;0.8586926464019059;0.337265985994887;0.42953776775648256;0.4160090191657272;0.3043968432919955;0.29086809470124014;0.0;0.45739330909643666;0.39689873768643613;0.18602029312288615;0.17925591882750846;0.004071184109111526;0.0;0.0;0.3111612175873732;0.2570462232243518;0.17474633596392333;0.17474633596392333;0.18940248027057496;0.2296129274708756;0.2480270574971815;0.24351747463359638;0.24351747463359638
